{"Storage Cost ($ Billion AUD)":{"NSW":1995.9132392736,"QLD":2266.4612752266,"VIC":2084.5266154606,"TAS":1283.515594608,"SA":263.7151190952},"Generation Cost ($ Billion AUD)":{"NSW":4.785512052,"QLD":3.7474923917,"VIC":4.2871520216,"TAS":0.8178092791,"SA":3.7402290719},"Total Energy to Demand (MWh)":{"NSW":332941498.8199999928,"QLD":264122479.1700000167,"VIC":206086598.5699999928,"TAS":47035730.0799999982,"SA":54167303.4699999988},"LCOE ($AUD\/MWh)":{"NSW":6009.1600428797,"QLD":8595.2879692497,"VIC":10135.6118349085,"TAS":27305.484611436,"SA":4937.5791489278}}